digit,filename
0,Main_2015-01-10_07_52_24_086.JPG
0,Main_2015-01-18_08_52_22_113.JPG
0,Main_2015-01-12_09_56_28_124.JPG
0,Main_2015-01-18_08_52_25_117.JPG
0,Main_2015-01-18_08_52_26_118.JPG
0,Main_2015-01-18_08_52_23_114.JPG
0,Main_2015-01-10_07_52_19_081.JPG
0,Main_2015-01-10_07_52_22_085.JPG
0,Main_2015-01-10_07_52_27_090.JPG
0,Main_2015-01-18_08_52_24_116.JPG
0,Main_2015-01-10_07_50_33_072.JPG
0,Main_2015-01-10_07_51_07_079.JPG
0,Main_2015-01-18_08_52_23_115.JPG
0,Main_2015-01-10_07_50_35_075.JPG
0,Main_2015-01-10_07_52_27_089.JPG
0,Main_2015-01-18_08_52_21_112.JPG
0,Main_2015-01-10_07_50_34_074.JPG
0,Main_2015-01-15_06_47_30_146.JPG
0,Main_2015-01-15_06_47_32_150.JPG
0,Main_2015-01-10_07_51_06_077.JPG
0,Main_2015-01-10_07_51_06_078.JPG
0,Main_2015-01-10_07_52_26_088.JPG
0,Main_2015-01-10_07_51_08_080.JPG
0,Main_2015-01-18_08_52_27_119.JPG
0,Main_2015-01-10_07_52_22_084.JPG
0,Main_2015-01-10_07_52_25_087.JPG
0,Main_2015-01-12_09_56_27_122.JPG
0,Main_2015-01-15_06_47_31_147.JPG
0,Main_2015-01-18_08_52_27_120.JPG
0,Main_2015-01-10_07_50_32_071.JPG
0,Main_2015-01-12_09_56_29_125.JPG
0,Main_2015-01-12_09_56_26_121.JPG
0,Main_2015-01-15_06_47_32_149.JPG
0,Main_2015-01-10_07_52_21_083.JPG
0,Main_2015-01-10_07_52_20_082.JPG
0,Main_2015-01-18_08_52_20_111.JPG
0,Main_2015-01-12_09_56_28_123.JPG
0,Main_2015-01-10_07_50_33_073.JPG
0,Main_2015-01-10_07_51_05_076.JPG
0,Main_2015-01-15_06_47_31_148.JPG
1,Main_2015-01-17_23_54_54_109.JPG
1,Main_2015-01-01_09_14_34_017.JPG
1,Main_2015-01-06_11_49_10_436.JPG
1,Main_2015-01-06_11_49_14_440.JPG
1,Main_2015-01-16_06_40_54_168.JPG
1,Main_2015-01-15_08_45_54_157.JPG
1,Main_2015-01-16_06_40_53_167.JPG
1,Main_2015-01-06_11_48_49_435.JPG
1,Main_2015-01-16_06_40_55_170.JPG
1,Main_2015-01-15_08_45_48_153.JPG
1,Main_2015-01-15_08_45_55_158.JPG
1,Main_2015-01-15_08_45_54_156.JPG
1,Main_2015-01-01_09_14_36_019.JPG
1,Main_2015-01-15_08_45_46_151.JPG
1,Main_2015-01-01_09_14_36_020.JPG
1,Main_2015-01-06_11_49_12_438.JPG
1,Main_2015-01-06_11_49_46_445.JPG
1,Main_2015-01-15_08_45_56_160.JPG
1,Main_2015-01-06_11_49_44_442.JPG
1,Main_2015-01-06_11_48_47_433.JPG
1,Main_2015-01-16_06_42_24_175.JPG
1,Main_2015-01-17_23_54_52_107.JPG
1,Main_2015-01-16_06_42_23_172.JPG
1,Main_2015-01-21_15_36_06_181.JPG
1,Main_2015-01-15_08_45_56_159.JPG
1,Main_2015-01-06_11_48_46_431.JPG
1,Main_2015-01-17_23_54_55_110.JPG
1,Main_2015-01-21_15_36_09_184.JPG
1,Main_2015-01-16_06_42_23_173.JPG
1,Main_2015-01-15_08_45_49_155.JPG
1,Main_2015-01-21_15_36_10_185.JPG
1,Main_2015-01-06_11_49_13_439.JPG
1,Main_2015-01-16_06_40_53_166.JPG
1,Main_2015-01-21_15_36_08_183.JPG
1,Main_2015-01-06_11_49_43_441.JPG
1,Main_2015-01-15_08_45_47_152.JPG
1,Main_2015-01-01_09_14_34_016.JPG
1,Main_2015-01-16_06_40_55_169.JPG
1,Main_2015-01-06_11_49_45_443.JPG
1,Main_2015-01-06_11_49_46_444.JPG
1,Main_2015-01-06_11_48_47_432.JPG
1,Main_2015-01-17_23_54_53_108.JPG
1,Main_2015-01-15_08_45_49_154.JPG
1,Main_2015-01-16_06_42_24_174.JPG
1,Main_2015-01-06_11_49_11_437.JPG
1,Main_2015-01-01_09_14_35_018.JPG
1,Main_2015-01-16_06_42_22_171.JPG
1,Main_2015-01-21_15_36_07_182.JPG
1,Main_2015-01-17_23_54_51_106.JPG
1,Main_2015-01-06_11_48_48_434.JPG
2,Main_2015-01-10_14_12_19_094.JPG
2,Main_2015-01-23_07_54_54_186.JPG
2,Main_2015-01-10_14_12_20_095.JPG
2,Main_2015-01-06_11_57_14_453.JPG
2,Main_2015-01-01_01_29_03_010.JPG
2,Main_2015-01-14_23_41_47_140.JPG
2,Main_2015-01-14_23_41_46_138.JPG
2,Main_2015-01-14_23_41_47_139.JPG
2,Main_2015-01-01_01_29_01_007.JPG
2,Main_2015-01-01_01_29_01_008.JPG
2,Main_2015-01-06_11_57_13_451.JPG
2,Main_2015-01-06_11_56_39_450.JPG
2,Main_2015-01-01_06_41_49_012.JPG
2,Main_2015-01-10_14_12_18_093.JPG
2,Main_2015-01-14_23_41_45_137.JPG
2,Main_2015-01-01_06_41_50_013.JPG
2,Main_2015-01-23_07_54_56_188.JPG
2,Main_2015-01-01_06_41_48_011.JPG
2,Main_2015-01-01_06_41_50_014.JPG
2,Main_2015-01-01_01_29_00_006.JPG
2,Main_2015-01-06_11_56_36_446.JPG
2,Main_2015-01-06_11_57_15_454.JPG
2,Main_2015-01-01_01_29_02_009.JPG
2,Main_2015-01-06_11_57_14_452.JPG
2,Main_2015-01-23_07_54_55_187.JPG
2,Main_2015-01-10_14_12_16_091.JPG
2,Main_2015-01-14_23_41_45_136.JPG
2,Main_2015-01-23_07_54_57_190.JPG
2,Main_2015-01-06_11_56_37_447.JPG
2,Main_2015-01-10_14_12_17_092.JPG
2,Main_2015-01-06_11_57_16_455.JPG
2,Main_2015-01-01_06_41_51_015.JPG
2,Main_2015-01-06_11_56_38_449.JPG
2,Main_2015-01-06_11_56_37_448.JPG
2,Main_2015-01-23_07_54_56_189.JPG
3,Main_2015-01-01_09_14_34_017.JPG
3,Main_2015-01-10_14_17_17_101.JPG
3,Main_2015-01-10_14_17_29_115.JPG
3,Main_2015-01-10_14_17_19_104.JPG
3,Main_2015-01-23_15_28_14_200.JPG
3,Main_2015-01-10_14_17_21_107.JPG
3,Main_2015-01-15_06_43_01_142.JPG
3,Main_2015-01-01_09_14_36_019.JPG
3,Main_2015-01-01_09_14_36_020.JPG
3,Main_2015-01-15_06_43_00_141.JPG
3,Main_2015-01-15_06_43_03_145.JPG
3,Main_2015-01-10_14_17_15_099.JPG
3,Main_2015-01-15_06_43_01_143.JPG
3,Main_2015-01-23_15_28_11_196.JPG
3,Main_2015-01-10_14_17_22_108.JPG
3,Main_2015-01-10_14_17_16_100.JPG
3,Main_2015-01-10_14_17_27_113.JPG
3,Main_2015-01-23_15_28_12_197.JPG
3,Main_2015-01-10_14_17_14_098.JPG
3,Main_2015-01-10_14_17_18_103.JPG
3,Main_2015-01-10_14_17_20_105.JPG
3,Main_2015-01-15_06_43_02_144.JPG
3,Main_2015-01-10_14_17_13_096.JPG
3,Main_2015-01-10_14_17_28_114.JPG
3,Main_2015-01-10_14_17_18_102.JPG
3,Main_2015-01-01_09_14_34_016.JPG
3,Main_2015-01-10_14_17_23_110.JPG
3,Main_2015-01-10_14_17_23_109.JPG
3,Main_2015-01-10_14_17_14_097.JPG
3,Main_2015-01-23_15_28_13_198.JPG
3,Main_2015-01-10_14_17_26_111.JPG
3,Main_2015-01-10_14_17_27_112.JPG
3,Main_2015-01-01_09_14_35_018.JPG
3,Main_2015-01-10_14_17_20_106.JPG
3,Main_2015-01-23_15_28_14_199.JPG
4,Main_2015-01-17_08_01_57_013.JPG
4,Main_2015-01-17_23_50_50_056.JPG
4,Main_2015-01-17_23_50_03_023.JPG
4,Main_2015-01-05_08_52_18_031.JPG
4,Main_2015-01-17_23_50_25_043.JPG
4,Main_2015-01-20_08_05_05_138.JPG
4,Main_2015-01-17_23_50_07_027.JPG
4,Main_2015-01-20_08_08_56_150.JPG
4,Main_2015-01-17_23_50_16_034.JPG
4,Main_2015-01-17_23_52_53_094.JPG
4,Main_2015-01-17_23_50_52_060.JPG
4,Main_2015-01-17_23_53_08_097.JPG
4,Main_2015-01-17_23_50_19_036.JPG
4,Main_2015-01-23_15_15_42_192.JPG
4,Main_2015-01-05_08_52_19_033.JPG
4,Main_2015-01-17_23_50_57_064.JPG
4,Main_2015-01-17_08_01_56_012.JPG
4,Main_2015-01-17_23_51_18_075.JPG
4,Main_2015-01-23_07_54_54_186.JPG
4,Main_2015-01-05_08_52_14_029.JPG
4,Main_2015-01-16_06_40_54_168.JPG
4,Main_2015-01-15_08_45_54_157.JPG
4,Main_2015-01-17_23_50_37_046.JPG
4,Main_2015-01-06_12_00_03_461.JPG
4,Main_2015-01-17_23_50_15_032.JPG
4,Main_2015-01-16_06_40_53_167.JPG
4,Main_2015-01-16_06_40_55_170.JPG
4,Main_2015-01-17_08_02_03_016.JPG
4,Main_2015-01-20_08_08_52_145.JPG
4,Main_2015-01-17_23_50_21_040.JPG
4,Main_2015-01-17_23_50_20_038.JPG
4,Main_2015-01-17_23_51_26_078.JPG
4,Main_2015-01-15_08_45_48_153.JPG
4,Main_2015-01-15_08_45_55_158.JPG
4,Main_2015-01-17_07_59_14_001.JPG
4,Main_2015-01-15_08_45_54_156.JPG
4,Main_2015-01-20_08_05_06_139.JPG
4,Main_2015-01-05_08_52_20_034.JPG
4,Main_2015-01-15_08_45_46_151.JPG
4,Main_2015-01-06_11_59_50_457.JPG
4,Main_2015-01-17_23_53_08_096.JPG
4,Main_2015-01-14_23_41_47_140.JPG
4,Main_2015-01-17_08_02_03_017.JPG
4,Main_2015-01-05_08_52_12_026.JPG
4,Main_2015-01-20_08_08_54_146.JPG
4,Main_2015-01-14_23_41_46_138.JPG
4,Main_2015-01-17_23_50_26_045.JPG
4,Main_2015-01-17_23_52_48_089.JPG
4,Main_2015-01-17_07_59_17_004.JPG
4,Main_2015-01-17_07_59_15_002.JPG
4,Main_2015-01-15_08_45_56_160.JPG
4,Main_2015-01-20_08_08_55_148.JPG
4,Main_2015-01-05_08_52_13_027.JPG
4,Main_2015-01-17_23_50_08_029.JPG
4,Main_2015-01-17_23_50_04_024.JPG
4,Main_2015-01-14_23_41_47_139.JPG
4,Main_2015-01-17_07_59_17_005.JPG
4,Main_2015-01-17_23_51_41_084.JPG
4,Main_2015-01-20_08_08_56_149.JPG
4,Main_2015-01-17_08_02_05_019.JPG
4,Main_2015-01-06_12_00_05_464.JPG
4,Main_2015-01-05_08_52_14_028.JPG
4,Main_2015-01-23_15_15_41_191.JPG
4,Main_2015-01-17_23_50_08_030.JPG
4,Main_2015-01-17_23_51_16_073.JPG
4,Main_2015-01-15_06_47_30_146.JPG
4,Main_2015-01-17_23_52_54_095.JPG
4,Main_2015-01-17_23_50_43_055.JPG
4,Main_2015-01-17_23_53_32_103.JPG
4,Main_2015-01-16_06_42_24_175.JPG
4,Main_2015-01-17_08_01_56_011.JPG
4,Main_2015-01-15_06_47_32_150.JPG
4,Main_2015-01-17_23_52_46_086.JPG
4,Main_2015-01-16_06_42_23_172.JPG
4,Main_2015-01-17_23_52_47_087.JPG
4,Main_2015-01-17_07_59_48_010.JPG
4,Main_2015-01-17_08_01_58_015.JPG
4,Main_2015-01-15_08_45_56_159.JPG
4,Main_2015-01-17_08_01_58_014.JPG
4,Main_2015-01-17_23_51_26_077.JPG
4,Main_2015-01-17_23_53_30_101.JPG
4,Main_2015-01-17_07_59_45_006.JPG
4,Main_2015-01-06_11_59_53_460.JPG
4,Main_2015-01-17_23_51_10_070.JPG
4,Main_2015-01-23_15_15_43_194.JPG
4,Main_2015-01-17_23_53_10_099.JPG
4,Main_2015-01-06_11_59_52_459.JPG
4,Main_2015-01-17_23_51_07_066.JPG
4,Main_2015-01-17_23_50_26_044.JPG
4,Main_2015-01-17_23_50_56_063.JPG
4,Main_2015-01-06_12_00_04_462.JPG
4,Main_2015-01-17_23_53_33_105.JPG
4,Main_2015-01-20_08_05_06_140.JPG
4,Main_2015-01-06_12_00_11_466.JPG
4,Main_2015-01-20_08_08_51_143.JPG
4,Main_2015-01-17_23_52_52_092.JPG
4,Main_2015-01-17_23_53_32_104.JPG
4,Main_2015-01-20_08_08_49_141.JPG
4,Main_2015-01-14_23_41_45_137.JPG
4,Main_2015-01-17_23_50_19_037.JPG
4,Main_2015-01-06_12_00_05_463.JPG
4,Main_2015-01-05_08_52_15_030.JPG
4,Main_2015-01-17_23_50_39_049.JPG
4,Main_2015-01-17_23_50_07_028.JPG
4,Main_2015-01-17_23_50_39_048.JPG
4,Main_2015-01-17_23_51_25_076.JPG
4,Main_2015-01-17_23_52_49_090.JPG
4,Main_2015-01-17_23_53_10_100.JPG
4,Main_2015-01-17_23_52_53_093.JPG
4,Main_2015-01-05_08_52_19_032.JPG
4,Main_2015-01-17_23_52_48_088.JPG
4,Main_2015-01-23_07_54_56_188.JPG
4,Main_2015-01-06_11_59_49_456.JPG
4,Main_2015-01-06_11_59_51_458.JPG
4,Main_2015-01-16_06_42_23_173.JPG
4,Main_2015-01-17_23_50_04_025.JPG
4,Main_2015-01-17_23_51_41_085.JPG
4,Main_2015-01-17_08_02_04_018.JPG
4,Main_2015-01-17_23_50_51_058.JPG
4,Main_2015-01-15_06_47_31_147.JPG
4,Main_2015-01-17_23_51_38_082.JPG
4,Main_2015-01-06_12_00_12_467.JPG
4,Main_2015-01-15_08_45_49_155.JPG
4,Main_2015-01-17_23_51_09_068.JPG
4,Main_2015-01-16_06_40_53_166.JPG
4,Main_2015-01-17_23_51_40_083.JPG
4,Main_2015-01-20_08_05_04_137.JPG
4,Main_2015-01-17_23_50_03_022.JPG
4,Main_2015-01-17_23_50_40_050.JPG
4,Main_2015-01-17_23_50_20_039.JPG
4,Main_2015-01-06_12_00_14_469.JPG
4,Main_2015-01-15_08_45_47_152.JPG
4,Main_2015-01-06_12_00_13_468.JPG
4,Main_2015-01-05_08_52_21_035.JPG
4,Main_2015-01-17_23_50_41_052.JPG
4,Main_2015-01-16_06_40_55_169.JPG
4,Main_2015-01-06_12_00_06_465.JPG
4,Main_2015-01-17_23_51_28_080.JPG
4,Main_2015-01-17_23_50_51_059.JPG
4,Main_2015-01-17_23_51_15_071.JPG
4,Main_2015-01-17_23_50_38_047.JPG
4,Main_2015-01-17_07_59_16_003.JPG
4,Main_2015-01-23_07_54_55_187.JPG
4,Main_2015-01-17_23_50_50_057.JPG
4,Main_2015-01-17_23_53_31_102.JPG
4,Main_2015-01-17_23_51_27_079.JPG
4,Main_2015-01-23_15_15_43_193.JPG
4,Main_2015-01-14_23_41_45_136.JPG
4,Main_2015-01-17_23_50_14_031.JPG
4,Main_2015-01-17_23_50_24_042.JPG
4,Main_2015-01-23_07_54_57_190.JPG
4,Main_2015-01-17_23_50_57_065.JPG
4,Main_2015-01-23_15_15_44_195.JPG
4,Main_2015-01-17_23_51_15_072.JPG
4,Main_2015-01-20_08_08_55_147.JPG
4,Main_2015-01-17_23_50_41_051.JPG
4,Main_2015-01-17_08_02_05_020.JPG
4,Main_2015-01-17_07_59_47_009.JPG
4,Main_2015-01-17_23_53_09_098.JPG
4,Main_2015-01-17_23_50_54_061.JPG
4,Main_2015-01-17_23_50_55_062.JPG
4,Main_2015-01-20_08_08_51_144.JPG
4,Main_2015-01-15_08_45_49_154.JPG
4,Main_2015-01-06_12_00_15_470.JPG
4,Main_2015-01-16_06_42_24_174.JPG
4,Main_2015-01-15_06_47_32_149.JPG
4,Main_2015-01-20_08_05_04_136.JPG
4,Main_2015-01-17_23_50_43_054.JPG
4,Main_2015-01-17_23_50_06_026.JPG
4,Main_2015-01-20_08_08_50_142.JPG
4,Main_2015-01-17_23_50_15_033.JPG
4,Main_2015-01-17_23_51_35_081.JPG
4,Main_2015-01-16_06_42_22_171.JPG
4,Main_2015-01-17_23_52_51_091.JPG
4,Main_2015-01-17_23_50_42_053.JPG
4,Main_2015-01-17_23_51_09_069.JPG
4,Main_2015-01-17_23_50_01_021.JPG
4,Main_2015-01-17_23_51_08_067.JPG
4,Main_2015-01-17_23_50_16_035.JPG
4,Main_2015-01-17_07_59_46_007.JPG
4,Main_2015-01-23_07_54_56_189.JPG
4,Main_2015-01-17_23_51_16_074.JPG
4,Main_2015-01-17_07_59_47_008.JPG
4,Main_2015-01-15_06_47_31_148.JPG
4,Main_2015-01-17_23_50_24_041.JPG
5,Main_2015-01-11_10_41_58_117.JPG
5,Main_2015-01-13_15_57_53_129.JPG
5,Main_2015-01-19_15_37_54_126.JPG
5,Main_2015-01-10_07_52_24_086.JPG
5,Main_2015-01-26_10_25_43_203.JPG
5,Main_2015-01-10_14_12_19_094.JPG
5,Main_2015-01-18_08_52_22_113.JPG
5,Main_2015-01-17_23_54_54_109.JPG
5,Main_2015-01-11_10_41_59_118.JPG
5,Main_2015-01-12_09_56_28_124.JPG
5,Main_2015-01-18_08_52_25_117.JPG
5,Main_2015-01-13_16_03_19_131.JPG
5,Main_2015-01-18_08_52_26_118.JPG
5,Main_2015-01-18_08_52_23_114.JPG
5,Main_2015-01-13_15_57_50_126.JPG
5,Main_2015-01-13_15_57_52_128.JPG
5,Main_2015-01-10_14_17_17_101.JPG
5,Main_2015-01-10_14_12_20_095.JPG
5,Main_2015-01-10_07_52_19_081.JPG
5,Main_2015-01-10_14_17_29_115.JPG
5,Main_2015-01-10_14_17_19_104.JPG
5,Main_2015-01-10_07_52_22_085.JPG
5,Main_2015-01-10_07_52_27_090.JPG
5,Main_2015-01-18_08_52_24_116.JPG
5,Main_2015-01-11_10_42_00_120.JPG
5,Main_2015-01-19_15_39_26_133.JPG
5,Main_2015-01-10_14_17_21_107.JPG
5,Main_2015-01-10_07_50_33_072.JPG
5,Main_2015-01-19_15_37_56_129.JPG
5,Main_2015-01-10_07_51_07_079.JPG
5,Main_2015-01-18_08_52_23_115.JPG
5,Main_2015-01-10_07_50_35_075.JPG
5,Main_2015-01-19_15_39_27_134.JPG
5,Main_2015-01-02_13_09_58_023.JPG
5,Main_2015-01-26_10_25_41_201.JPG
5,Main_2015-01-26_10_25_44_204.JPG
5,Main_2015-01-11_10_41_57_116.JPG
5,Main_2015-01-10_14_17_15_099.JPG
5,Main_2015-01-10_07_52_27_089.JPG
5,Main_2015-01-18_08_52_21_112.JPG
5,Main_2015-01-10_07_50_34_074.JPG
5,Main_2015-01-02_13_09_59_024.JPG
5,Main_2015-01-19_15_39_25_132.JPG
5,Main_2015-01-10_14_17_22_108.JPG
5,Main_2015-01-19_15_37_55_127.JPG
5,Main_2015-01-02_13_09_56_021.JPG
5,Main_2015-01-17_23_54_52_107.JPG
5,Main_2015-01-10_07_51_06_077.JPG
5,Main_2015-01-10_07_51_06_078.JPG
5,Main_2015-01-13_16_03_21_132.JPG
5,Main_2015-01-19_15_39_25_131.JPG
5,Main_2015-01-26_10_25_42_202.JPG
5,Main_2015-01-17_23_54_55_110.JPG
5,Main_2015-01-19_15_37_50_124.JPG
5,Main_2015-01-26_10_25_44_205.JPG
5,Main_2015-01-10_07_52_26_088.JPG
5,Main_2015-01-10_14_17_16_100.JPG
5,Main_2015-01-10_07_51_08_080.JPG
5,Main_2015-01-02_13_09_58_022.JPG
5,Main_2015-01-13_16_03_21_133.JPG
5,Main_2015-01-11_10_42_00_119.JPG
5,Main_2015-01-18_08_52_27_119.JPG
5,Main_2015-01-10_14_17_27_113.JPG
5,Main_2015-01-19_15_37_50_123.JPG
5,Main_2015-01-13_15_57_54_130.JPG
5,Main_2015-01-13_16_03_22_134.JPG
5,Main_2015-01-10_14_12_18_093.JPG
5,Main_2015-01-10_07_52_22_084.JPG
5,Main_2015-01-19_15_37_49_122.JPG
5,Main_2015-01-10_14_17_14_098.JPG
5,Main_2015-01-10_14_17_18_103.JPG
5,Main_2015-01-19_15_39_28_135.JPG
5,Main_2015-01-10_07_52_25_087.JPG
5,Main_2015-01-12_09_56_27_122.JPG
5,Main_2015-01-10_14_17_20_105.JPG
5,Main_2015-01-18_08_52_27_120.JPG
5,Main_2015-01-10_07_50_32_071.JPG
5,Main_2015-01-19_15_37_51_125.JPG
5,Main_2015-01-12_09_56_29_125.JPG
5,Main_2015-01-10_14_17_13_096.JPG
5,Main_2015-01-10_14_17_28_114.JPG
5,Main_2015-01-10_14_17_18_102.JPG
5,Main_2015-01-19_15_37_48_121.JPG
5,Main_2015-01-19_15_37_55_128.JPG
5,Main_2015-01-10_14_17_23_110.JPG
5,Main_2015-01-10_14_12_16_091.JPG
5,Main_2015-01-12_09_56_26_121.JPG
5,Main_2015-01-13_16_03_23_135.JPG
5,Main_2015-01-10_14_12_17_092.JPG
5,Main_2015-01-10_14_17_23_109.JPG
5,Main_2015-01-10_14_17_14_097.JPG
5,Main_2015-01-02_13_10_00_025.JPG
5,Main_2015-01-17_23_54_53_108.JPG
5,Main_2015-01-13_15_57_51_127.JPG
5,Main_2015-01-19_15_37_57_130.JPG
5,Main_2015-01-10_14_17_26_111.JPG
5,Main_2015-01-10_14_17_27_112.JPG
5,Main_2015-01-10_07_52_21_083.JPG
5,Main_2015-01-10_07_52_20_082.JPG
5,Main_2015-01-18_08_52_20_111.JPG
5,Main_2015-01-12_09_56_28_123.JPG
5,Main_2015-01-10_07_50_33_073.JPG
5,Main_2015-01-10_07_51_05_076.JPG
5,Main_2015-01-17_23_54_51_106.JPG
5,Main_2015-01-10_14_17_20_106.JPG
6,Main_2015-01-20_13_08_03_167.JPG
6,Main_2015-01-05_12_29_04_278.JPG
6,Main_2015-01-05_12_26_07_184.JPG
6,Main_2015-01-05_12_24_52_138.JPG
6,Main_2015-01-05_12_28_19_242.JPG
6,Main_2015-01-20_08_05_05_138.JPG
6,Main_2015-01-05_12_24_25_109.JPG
6,Main_2015-01-05_12_26_16_192.JPG
6,Main_2015-01-05_12_23_38_061.JPG
6,Main_2015-01-05_12_23_32_055.JPG
6,Main_2015-01-05_12_28_21_244.JPG
6,Main_2015-01-20_08_08_56_150.JPG
6,Main_2015-01-05_12_25_23_162.JPG
6,Main_2015-01-20_13_07_53_160.JPG
6,Main_2015-01-05_12_29_55_314.JPG
6,Main_2015-01-15_16_41_03_164.JPG
6,Main_2015-01-05_12_24_53_139.JPG
6,Main_2015-01-05_12_29_16_293.JPG
6,Main_2015-01-05_12_28_18_241.JPG
6,Main_2015-01-05_12_29_08_284.JPG
6,Main_2015-01-05_12_23_44_070.JPG
6,Main_2015-01-05_12_23_35_058.JPG
6,Main_2015-01-05_12_28_39_254.JPG
6,Main_2015-01-05_12_26_15_191.JPG
6,Main_2015-01-05_12_29_23_299.JPG
6,Main_2015-01-20_15_19_20_173.JPG
6,Main_2015-01-05_12_28_56_270.JPG
6,Main_2015-01-05_12_24_19_101.JPG
6,Main_2015-01-05_12_28_36_251.JPG
6,Main_2015-01-05_12_24_24_108.JPG
6,Main_2015-01-05_12_24_48_134.JPG
6,Main_2015-01-05_12_24_14_097.JPG
6,Main_2015-01-05_12_24_46_132.JPG
6,Main_2015-01-05_12_29_12_288.JPG
6,Main_2015-01-05_12_24_26_110.JPG
6,Main_2015-01-20_15_19_25_177.JPG
6,Main_2015-01-05_12_26_31_210.JPG
6,Main_2015-01-05_12_28_41_257.JPG
6,Main_2015-01-05_12_28_43_260.JPG
6,Main_2015-01-05_12_24_05_089.JPG
6,Main_2015-01-15_16_41_01_162.JPG
6,Main_2015-01-05_12_26_57_233.JPG
6,Main_2015-01-05_12_24_51_137.JPG
6,Main_2015-01-20_13_07_57_164.JPG
6,Main_2015-01-05_12_23_44_069.JPG
6,Main_2015-01-05_12_24_35_120.JPG
6,Main_2015-01-05_12_23_28_051.JPG
6,Main_2015-01-05_12_28_46_263.JPG
6,Main_2015-01-05_12_26_52_228.JPG
6,Main_2015-01-20_13_08_05_170.JPG
6,Main_2015-01-20_15_19_24_176.JPG
6,Main_2015-01-05_12_26_12_188.JPG
6,Main_2015-01-05_12_24_21_104.JPG
6,Main_2015-01-05_12_23_51_074.JPG
6,Main_2015-01-05_12_26_26_202.JPG
6,Main_2015-01-05_12_24_44_130.JPG
6,Main_2015-01-05_12_24_50_136.JPG
6,Main_2015-01-20_08_08_52_145.JPG
6,Main_2015-01-05_12_26_56_232.JPG
6,Main_2015-01-05_12_23_40_063.JPG
6,Main_2015-01-05_12_29_56_315.JPG
6,Main_2015-01-05_12_29_05_280.JPG
6,Main_2015-01-05_12_26_04_181.JPG
6,Main_2015-01-05_12_28_40_256.JPG
6,Main_2015-01-05_12_25_01_147.JPG
6,Main_2015-01-05_12_23_06_036.JPG
6,Main_2015-01-05_12_23_39_062.JPG
6,Main_2015-01-05_12_24_57_143.JPG
6,Main_2015-01-05_12_23_31_054.JPG
6,Main_2015-01-05_12_26_25_201.JPG
6,Main_2015-01-20_08_05_06_139.JPG
6,Main_2015-01-05_12_26_26_203.JPG
6,Main_2015-01-20_13_08_04_169.JPG
6,Main_2015-01-05_12_25_00_146.JPG
6,Main_2015-01-05_12_26_13_189.JPG
6,Main_2015-01-05_12_24_16_099.JPG
6,Main_2015-01-05_12_24_47_133.JPG
6,Main_2015-01-01_01_29_03_010.JPG
6,Main_2015-01-05_12_28_24_248.JPG
6,Main_2015-01-05_12_25_49_176.JPG
6,Main_2015-01-05_12_29_31_303.JPG
6,Main_2015-01-20_08_08_54_146.JPG
6,Main_2015-01-05_12_23_58_082.JPG
6,Main_2015-01-05_12_23_53_076.JPG
6,Main_2015-01-05_12_24_37_122.JPG
6,Main_2015-01-05_12_24_14_096.JPG
6,Main_2015-01-05_12_28_44_261.JPG
6,Main_2015-01-05_12_27_02_240.JPG
6,Main_2015-01-05_12_23_13_041.JPG
6,Main_2015-01-05_12_29_21_296.JPG
6,Main_2015-01-20_08_08_55_148.JPG
6,Main_2015-01-05_12_23_34_057.JPG
6,Main_2015-01-05_12_29_54_312.JPG
6,Main_2015-01-05_12_27_01_238.JPG
6,Main_2015-01-05_12_25_50_178.JPG
6,Main_2015-01-05_12_23_36_060.JPG
6,Main_2015-01-05_12_29_22_298.JPG
6,Main_2015-01-20_13_07_45_151.JPG
6,Main_2015-01-20_15_19_21_174.JPG
6,Main_2015-01-05_12_28_42_258.JPG
6,Main_2015-01-05_12_25_22_161.JPG
6,Main_2015-01-05_12_27_00_236.JPG
6,Main_2015-01-01_01_29_01_007.JPG
6,Main_2015-01-05_12_29_12_289.JPG
6,Main_2015-01-05_12_24_11_095.JPG
6,Main_2015-01-20_08_08_56_149.JPG
6,Main_2015-01-05_12_24_03_086.JPG
6,Main_2015-01-05_12_28_47_265.JPG
6,Main_2015-01-05_12_29_32_305.JPG
6,Main_2015-01-05_12_23_23_050.JPG
6,Main_2015-01-05_12_29_05_279.JPG
6,Main_2015-01-01_01_29_01_008.JPG
6,Main_2015-01-05_12_24_36_121.JPG
6,Main_2015-01-05_12_23_49_071.JPG
6,Main_2015-01-05_12_23_59_083.JPG
6,Main_2015-01-05_12_25_02_148.JPG
6,Main_2015-01-05_12_26_21_198.JPG
6,Main_2015-01-05_12_26_53_230.JPG
6,Main_2015-01-05_12_23_34_056.JPG
6,Main_2015-01-20_13_07_51_158.JPG
6,Main_2015-01-05_12_28_39_255.JPG
6,Main_2015-01-20_15_19_27_180.JPG
6,Main_2015-01-05_12_26_34_211.JPG
6,Main_2015-01-05_12_29_06_281.JPG
6,Main_2015-01-05_12_28_57_271.JPG
6,Main_2015-01-05_12_24_28_112.JPG
6,Main_2015-01-05_12_25_29_169.JPG
6,Main_2015-01-05_12_24_09_091.JPG
6,Main_2015-01-05_12_23_57_081.JPG
6,Main_2015-01-05_12_28_55_269.JPG
6,Main_2015-01-05_12_23_50_073.JPG
6,Main_2015-01-05_12_29_09_285.JPG
6,Main_2015-01-05_12_26_46_224.JPG
6,Main_2015-01-05_12_26_36_214.JPG
6,Main_2015-01-20_13_07_56_162.JPG
6,Main_2015-01-05_12_25_23_163.JPG
6,Main_2015-01-15_16_41_02_163.JPG
6,Main_2015-01-05_12_23_16_044.JPG
6,Main_2015-01-05_12_23_23_049.JPG
6,Main_2015-01-05_12_29_11_287.JPG
6,Main_2015-01-05_12_28_42_259.JPG
6,Main_2015-01-05_12_24_34_119.JPG
6,Main_2015-01-20_13_07_51_157.JPG
6,Main_2015-01-05_12_26_41_220.JPG
6,Main_2015-01-05_12_24_44_129.JPG
6,Main_2015-01-05_12_28_46_264.JPG
6,Main_2015-01-05_12_23_50_072.JPG
6,Main_2015-01-05_12_27_00_237.JPG
6,Main_2015-01-05_12_26_06_183.JPG
6,Main_2015-01-05_12_29_03_277.JPG
6,Main_2015-01-05_12_25_05_152.JPG
6,Main_2015-01-05_12_24_23_106.JPG
6,Main_2015-01-05_12_26_40_218.JPG
6,Main_2015-01-05_12_26_39_217.JPG
6,Main_2015-01-05_12_28_53_266.JPG
6,Main_2015-01-05_12_26_23_200.JPG
6,Main_2015-01-05_12_29_38_308.JPG
6,Main_2015-01-05_12_25_07_154.JPG
6,Main_2015-01-05_12_25_03_150.JPG
6,Main_2015-01-20_13_07_55_161.JPG
6,Main_2015-01-05_12_24_42_126.JPG
6,Main_2015-01-05_12_26_28_206.JPG
6,Main_2015-01-05_12_24_20_103.JPG
6,Main_2015-01-05_12_23_59_084.JPG
6,Main_2015-01-05_12_24_37_123.JPG
6,Main_2015-01-05_12_26_46_225.JPG
6,Main_2015-01-20_08_05_06_140.JPG
6,Main_2015-01-05_12_28_20_243.JPG
6,Main_2015-01-05_12_29_10_286.JPG
6,Main_2015-01-20_08_08_51_143.JPG
6,Main_2015-01-05_12_25_33_174.JPG
6,Main_2015-01-05_12_29_15_292.JPG
6,Main_2015-01-05_12_26_18_195.JPG
6,Main_2015-01-05_12_26_05_182.JPG
6,Main_2015-01-20_13_07_45_152.JPG
6,Main_2015-01-05_12_25_28_167.JPG
6,Main_2015-01-05_12_24_53_140.JPG
6,Main_2015-01-05_12_25_32_172.JPG
6,Main_2015-01-05_12_29_17_295.JPG
6,Main_2015-01-05_12_25_11_160.JPG
6,Main_2015-01-05_12_26_30_208.JPG
6,Main_2015-01-20_13_07_58_165.JPG
6,Main_2015-01-05_12_29_55_313.JPG
6,Main_2015-01-05_12_23_55_079.JPG
6,Main_2015-01-20_08_08_49_141.JPG
6,Main_2015-01-20_13_08_04_168.JPG
6,Main_2015-01-20_15_19_21_175.JPG
6,Main_2015-01-05_12_26_11_187.JPG
6,Main_2015-01-05_12_28_37_252.JPG
6,Main_2015-01-05_12_26_44_222.JPG
6,Main_2015-01-05_12_25_30_170.JPG
6,Main_2015-01-05_12_24_58_144.JPG
6,Main_2015-01-05_12_26_22_199.JPG
6,Main_2015-01-05_12_29_17_294.JPG
6,Main_2015-01-05_12_24_56_141.JPG
6,Main_2015-01-05_12_24_29_113.JPG
6,Main_2015-01-05_12_28_25_250.JPG
6,Main_2015-01-05_12_29_32_304.JPG
6,Main_2015-01-05_12_24_33_118.JPG
6,Main_2015-01-05_12_23_07_038.JPG
6,Main_2015-01-05_12_29_02_276.JPG
6,Main_2015-01-05_12_23_43_067.JPG
6,Main_2015-01-05_12_25_29_168.JPG
6,Main_2015-01-05_12_29_30_302.JPG
6,Main_2015-01-05_12_24_27_111.JPG
6,Main_2015-01-05_12_26_27_204.JPG
6,Main_2015-01-20_15_19_25_178.JPG
6,Main_2015-01-05_12_24_30_115.JPG
6,Main_2015-01-05_12_26_38_216.JPG
6,Main_2015-01-05_12_25_24_164.JPG
6,Main_2015-01-05_12_24_04_087.JPG
6,Main_2015-01-05_12_25_04_151.JPG
6,Main_2015-01-05_12_23_08_039.JPG
6,Main_2015-01-05_12_26_50_226.JPG
6,Main_2015-01-05_12_26_27_205.JPG
6,Main_2015-01-05_12_23_54_077.JPG
6,Main_2015-01-05_12_23_21_047.JPG
6,Main_2015-01-05_12_25_27_166.JPG
6,Main_2015-01-05_12_26_07_185.JPG
6,Main_2015-01-05_12_24_06_090.JPG
6,Main_2015-01-05_12_24_15_098.JPG
6,Main_2015-01-05_12_25_11_159.JPG
6,Main_2015-01-05_12_26_45_223.JPG
6,Main_2015-01-05_12_28_21_245.JPG
6,Main_2015-01-05_12_25_25_165.JPG
6,Main_2015-01-05_12_23_52_075.JPG
6,Main_2015-01-05_12_23_08_040.JPG
6,Main_2015-01-05_12_28_55_268.JPG
6,Main_2015-01-05_12_24_32_116.JPG
6,Main_2015-01-05_12_24_46_131.JPG
6,Main_2015-01-20_13_07_46_153.JPG
6,Main_2015-01-01_01_29_00_006.JPG
6,Main_2015-01-05_12_23_43_068.JPG
6,Main_2015-01-05_12_23_36_059.JPG
6,Main_2015-01-05_12_27_02_239.JPG
6,Main_2015-01-05_12_24_43_128.JPG
6,Main_2015-01-05_12_24_10_093.JPG
6,Main_2015-01-05_12_25_08_156.JPG
6,Main_2015-01-05_12_23_30_053.JPG
6,Main_2015-01-05_12_24_56_142.JPG
6,Main_2015-01-05_12_29_15_291.JPG
6,Main_2015-01-05_12_26_52_229.JPG
6,Main_2015-01-05_12_26_10_186.JPG
6,Main_2015-01-05_12_29_39_310.JPG
6,Main_2015-01-05_12_29_36_306.JPG
6,Main_2015-01-05_12_25_06_153.JPG
6,Main_2015-01-05_12_26_58_235.JPG
6,Main_2015-01-05_12_26_21_197.JPG
6,Main_2015-01-20_08_05_04_137.JPG
6,Main_2015-01-05_12_24_00_085.JPG
6,Main_2015-01-05_12_28_58_272.JPG
6,Main_2015-01-05_12_28_25_249.JPG
6,Main_2015-01-05_12_25_52_180.JPG
6,Main_2015-01-20_13_07_52_159.JPG
6,Main_2015-01-05_12_29_23_300.JPG
6,Main_2015-01-05_12_23_40_064.JPG
6,Main_2015-01-05_12_24_04_088.JPG
6,Main_2015-01-05_12_23_42_066.JPG
6,Main_2015-01-05_12_25_09_157.JPG
6,Main_2015-01-05_12_28_45_262.JPG
6,Main_2015-01-05_12_26_44_221.JPG
6,Main_2015-01-05_12_23_17_045.JPG
6,Main_2015-01-05_12_26_16_193.JPG
6,Main_2015-01-05_12_26_55_231.JPG
6,Main_2015-01-05_12_26_29_207.JPG
6,Main_2015-01-01_01_29_02_009.JPG
6,Main_2015-01-05_12_24_48_135.JPG
6,Main_2015-01-05_12_24_09_092.JPG
6,Main_2015-01-05_12_23_14_042.JPG
6,Main_2015-01-05_12_26_37_215.JPG
6,Main_2015-01-05_12_24_30_114.JPG
6,Main_2015-01-05_12_25_02_149.JPG
6,Main_2015-01-05_12_26_51_227.JPG
6,Main_2015-01-20_15_19_18_171.JPG
6,Main_2015-01-20_13_07_56_163.JPG
6,Main_2015-01-05_12_23_20_046.JPG
6,Main_2015-01-05_12_26_35_212.JPG
6,Main_2015-01-05_12_25_50_177.JPG
6,Main_2015-01-05_12_23_55_080.JPG
6,Main_2015-01-05_12_29_38_309.JPG
6,Main_2015-01-05_12_29_07_282.JPG
6,Main_2015-01-05_12_28_38_253.JPG
6,Main_2015-01-20_08_08_55_147.JPG
6,Main_2015-01-05_12_24_11_094.JPG
6,Main_2015-01-05_12_29_08_283.JPG
6,Main_2015-01-05_12_23_54_078.JPG
6,Main_2015-01-05_12_28_59_273.JPG
6,Main_2015-01-20_15_19_26_179.JPG
6,Main_2015-01-05_12_25_31_171.JPG
6,Main_2015-01-20_08_08_51_144.JPG
6,Main_2015-01-05_12_29_53_311.JPG
6,Main_2015-01-05_12_25_34_175.JPG
6,Main_2015-01-05_12_28_23_246.JPG
6,Main_2015-01-05_12_24_39_125.JPG
6,Main_2015-01-15_16_41_00_161.JPG
6,Main_2015-01-05_12_25_32_173.JPG
6,Main_2015-01-05_12_28_23_247.JPG
6,Main_2015-01-05_12_25_51_179.JPG
6,Main_2015-01-20_08_05_04_136.JPG
6,Main_2015-01-05_12_29_29_301.JPG
6,Main_2015-01-20_15_19_19_172.JPG
6,Main_2015-01-20_08_08_50_142.JPG
6,Main_2015-01-20_13_07_50_156.JPG
6,Main_2015-01-05_12_28_59_274.JPG
6,Main_2015-01-05_12_23_15_043.JPG
6,Main_2015-01-05_12_23_29_052.JPG
6,Main_2015-01-05_12_26_35_213.JPG
6,Main_2015-01-20_13_08_02_166.JPG
6,Main_2015-01-05_12_26_17_194.JPG
6,Main_2015-01-05_12_29_37_307.JPG
6,Main_2015-01-05_12_23_22_048.JPG
6,Main_2015-01-05_12_29_13_290.JPG
6,Main_2015-01-05_12_26_13_190.JPG
6,Main_2015-01-05_12_29_21_297.JPG
6,Main_2015-01-05_12_24_20_102.JPG
6,Main_2015-01-05_12_26_20_196.JPG
6,Main_2015-01-05_12_24_33_117.JPG
6,Main_2015-01-05_12_24_58_145.JPG
6,Main_2015-01-15_16_41_03_165.JPG
6,Main_2015-01-05_12_24_22_105.JPG
6,Main_2015-01-05_12_26_58_234.JPG
6,Main_2015-01-05_12_28_54_267.JPG
6,Main_2015-01-05_12_25_07_155.JPG
6,Main_2015-01-05_12_26_40_219.JPG
6,Main_2015-01-05_12_25_10_158.JPG
6,Main_2015-01-20_13_07_47_154.JPG
6,Main_2015-01-05_12_24_42_127.JPG
6,Main_2015-01-05_12_29_00_275.JPG
6,Main_2015-01-05_12_23_06_037.JPG
6,Main_2015-01-05_12_26_30_209.JPG
6,Main_2015-01-05_12_24_16_100.JPG
6,Main_2015-01-05_12_24_38_124.JPG
6,Main_2015-01-20_13_07_48_155.JPG
6,Main_2015-01-05_12_24_24_107.JPG
6,Main_2015-01-05_12_23_41_065.JPG
7,Main_2015-01-11_10_41_58_117.JPG
7,Main_2015-01-05_12_29_04_278.JPG
7,Main_2015-01-05_12_26_07_184.JPG
7,Main_2015-01-05_12_34_54_363.JPG
7,Main_2015-01-05_12_32_39_323.JPG
7,Main_2015-01-05_08_52_18_031.JPG
7,Main_2015-01-19_15_37_54_126.JPG
7,Main_2015-01-05_12_24_52_138.JPG
7,Main_2015-01-05_12_28_19_242.JPG
7,Main_2015-01-05_12_24_25_109.JPG
7,Main_2015-01-05_12_26_16_192.JPG
7,Main_2015-01-05_12_34_57_367.JPG
7,Main_2015-01-05_12_23_38_061.JPG
7,Main_2015-01-05_12_23_32_055.JPG
7,Main_2015-01-05_12_28_21_244.JPG
7,Main_2015-01-05_12_34_55_365.JPG
7,Main_2015-01-05_12_25_23_162.JPG
7,Main_2015-01-05_12_34_49_357.JPG
7,Main_2015-01-23_15_15_42_192.JPG
7,Main_2015-01-05_08_52_19_033.JPG
7,Main_2015-01-05_12_29_55_314.JPG
7,Main_2015-01-05_12_24_53_139.JPG
7,Main_2015-01-05_12_29_16_293.JPG
7,Main_2015-01-05_12_28_18_241.JPG
7,Main_2015-01-05_12_29_08_284.JPG
7,Main_2015-01-11_10_41_59_118.JPG
7,Main_2015-01-05_12_35_08_377.JPG
7,Main_2015-01-05_12_23_44_070.JPG
7,Main_2015-01-05_12_23_35_058.JPG
7,Main_2015-01-05_12_28_39_254.JPG
7,Main_2015-01-05_12_26_15_191.JPG
7,Main_2015-01-05_12_29_23_299.JPG
7,Main_2015-01-06_11_49_10_436.JPG
7,Main_2015-01-20_15_19_20_173.JPG
7,Main_2015-01-05_12_28_56_270.JPG
7,Main_2015-01-05_12_34_44_353.JPG
7,Main_2015-01-05_12_24_19_101.JPG
7,Main_2015-01-05_12_34_40_350.JPG
7,Main_2015-01-05_12_34_49_358.JPG
7,Main_2015-01-05_12_28_36_251.JPG
7,Main_2015-01-05_12_24_24_108.JPG
7,Main_2015-01-05_12_24_48_134.JPG
7,Main_2015-01-05_12_24_14_097.JPG
7,Main_2015-01-05_12_24_46_132.JPG
7,Main_2015-01-05_12_34_59_370.JPG
7,Main_2015-01-05_12_29_12_288.JPG
7,Main_2015-01-05_12_24_26_110.JPG
7,Main_2015-01-20_15_19_25_177.JPG
7,Main_2015-01-05_08_52_14_029.JPG
7,Main_2015-01-06_11_49_14_440.JPG
7,Main_2015-01-05_12_26_31_210.JPG
7,Main_2015-01-05_12_35_30_387.JPG
7,Main_2015-01-05_12_28_41_257.JPG
7,Main_2015-01-05_12_28_43_260.JPG
7,Main_2015-01-05_12_24_05_089.JPG
7,Main_2015-01-05_12_34_35_343.JPG
7,Main_2015-01-05_12_26_57_233.JPG
7,Main_2015-01-05_12_24_51_137.JPG
7,Main_2015-01-05_12_23_44_069.JPG
7,Main_2015-01-05_12_24_35_120.JPG
7,Main_2015-01-05_12_23_28_051.JPG
7,Main_2015-01-05_12_28_46_263.JPG
7,Main_2015-01-05_12_26_52_228.JPG
7,Main_2015-01-06_12_00_03_461.JPG
7,Main_2015-01-20_15_19_24_176.JPG
7,Main_2015-01-05_12_36_11_408.JPG
7,Main_2015-01-05_12_26_12_188.JPG
7,Main_2015-01-06_11_48_49_435.JPG
7,Main_2015-01-05_12_24_21_104.JPG
7,Main_2015-01-05_12_35_19_383.JPG
7,Main_2015-01-05_12_23_51_074.JPG
7,Main_2015-01-05_12_32_45_329.JPG
7,Main_2015-01-05_12_26_26_202.JPG
7,Main_2015-01-05_12_24_44_130.JPG
7,Main_2015-01-05_12_24_50_136.JPG
7,Main_2015-01-23_15_28_14_200.JPG
7,Main_2015-01-11_10_42_00_120.JPG
7,Main_2015-01-05_12_36_12_410.JPG
7,Main_2015-01-05_12_34_56_366.JPG
7,Main_2015-01-19_15_39_26_133.JPG
7,Main_2015-01-05_12_35_38_396.JPG
7,Main_2015-01-05_12_26_56_232.JPG
7,Main_2015-01-05_12_23_40_063.JPG
7,Main_2015-01-05_12_29_56_315.JPG
7,Main_2015-01-05_12_29_05_280.JPG
7,Main_2015-01-05_12_26_04_181.JPG
7,Main_2015-01-06_11_57_14_453.JPG
7,Main_2015-01-05_12_28_40_256.JPG
7,Main_2015-01-05_12_25_01_147.JPG
7,Main_2015-01-19_15_37_56_129.JPG
7,Main_2015-01-05_12_35_18_382.JPG
7,Main_2015-01-05_12_23_06_036.JPG
7,Main_2015-01-05_12_23_39_062.JPG
7,Main_2015-01-05_12_34_50_359.JPG
7,Main_2015-01-05_12_24_57_143.JPG
7,Main_2015-01-05_12_23_31_054.JPG
7,Main_2015-01-05_12_32_44_328.JPG
7,Main_2015-01-05_12_32_45_330.JPG
7,Main_2015-01-05_12_36_00_405.JPG
7,Main_2015-01-05_12_26_25_201.JPG
7,Main_2015-01-05_08_52_20_034.JPG
7,Main_2015-01-05_12_26_26_203.JPG
7,Main_2015-01-06_11_59_50_457.JPG
7,Main_2015-01-05_12_25_00_146.JPG
7,Main_2015-01-05_12_35_59_403.JPG
7,Main_2015-01-05_12_26_13_189.JPG
7,Main_2015-01-05_12_24_16_099.JPG
7,Main_2015-01-05_12_24_47_133.JPG
7,Main_2015-01-19_15_39_27_134.JPG
7,Main_2015-01-06_11_49_12_438.JPG
7,Main_2015-01-05_12_32_54_332.JPG
7,Main_2015-01-05_12_28_24_248.JPG
7,Main_2015-01-05_12_25_49_176.JPG
7,Main_2015-01-05_08_52_12_026.JPG
7,Main_2015-01-05_12_36_53_430.JPG
7,Main_2015-01-05_12_29_31_303.JPG
7,Main_2015-01-11_10_41_57_116.JPG
7,Main_2015-01-05_12_23_58_082.JPG
7,Main_2015-01-05_12_23_53_076.JPG
7,Main_2015-01-05_12_24_37_122.JPG
7,Main_2015-01-06_11_49_46_445.JPG
7,Main_2015-01-05_12_24_14_096.JPG
7,Main_2015-01-05_12_34_52_361.JPG
7,Main_2015-01-05_12_28_44_261.JPG
7,Main_2015-01-05_12_27_02_240.JPG
7,Main_2015-01-05_12_23_13_041.JPG
7,Main_2015-01-05_12_29_21_296.JPG
7,Main_2015-01-05_12_32_55_334.JPG
7,Main_2015-01-05_12_23_34_057.JPG
7,Main_2015-01-05_08_52_13_027.JPG
7,Main_2015-01-05_12_29_54_312.JPG
7,Main_2015-01-05_12_27_01_238.JPG
7,Main_2015-01-05_12_25_50_178.JPG
7,Main_2015-01-05_12_36_51_427.JPG
7,Main_2015-01-05_12_23_36_060.JPG
7,Main_2015-01-05_12_29_22_298.JPG
7,Main_2015-01-20_15_19_21_174.JPG
7,Main_2015-01-05_12_28_42_258.JPG
7,Main_2015-01-05_12_32_43_327.JPG
7,Main_2015-01-05_12_25_22_161.JPG
7,Main_2015-01-05_12_27_00_236.JPG
7,Main_2015-01-05_12_34_42_351.JPG
7,Main_2015-01-05_12_29_12_289.JPG
7,Main_2015-01-05_12_24_11_095.JPG
7,Main_2015-01-05_12_24_03_086.JPG
7,Main_2015-01-06_11_49_44_442.JPG
7,Main_2015-01-05_12_34_35_344.JPG
7,Main_2015-01-05_12_35_31_389.JPG
7,Main_2015-01-06_12_00_05_464.JPG
7,Main_2015-01-05_12_28_47_265.JPG
7,Main_2015-01-05_12_29_32_305.JPG
7,Main_2015-01-05_12_23_23_050.JPG
7,Main_2015-01-05_12_29_05_279.JPG
7,Main_2015-01-05_08_52_14_028.JPG
7,Main_2015-01-23_15_15_41_191.JPG
7,Main_2015-01-06_11_57_13_451.JPG
7,Main_2015-01-05_12_24_36_121.JPG
7,Main_2015-01-05_12_23_49_071.JPG
7,Main_2015-01-05_12_36_28_418.JPG
7,Main_2015-01-05_12_36_50_426.JPG
7,Main_2015-01-23_15_28_11_196.JPG
7,Main_2015-01-19_15_39_25_132.JPG
7,Main_2015-01-05_12_23_59_083.JPG
7,Main_2015-01-05_12_25_02_148.JPG
7,Main_2015-01-05_12_26_21_198.JPG
7,Main_2015-01-05_12_26_53_230.JPG
7,Main_2015-01-06_11_48_47_433.JPG
7,Main_2015-01-05_12_35_05_374.JPG
7,Main_2015-01-05_12_34_58_369.JPG
7,Main_2015-01-05_12_23_34_056.JPG
7,Main_2015-01-05_12_28_39_255.JPG
7,Main_2015-01-20_15_19_27_180.JPG
7,Main_2015-01-05_12_26_34_211.JPG
7,Main_2015-01-05_12_29_06_281.JPG
7,Main_2015-01-05_12_28_57_271.JPG
7,Main_2015-01-05_12_24_28_112.JPG
7,Main_2015-01-05_12_25_29_169.JPG
7,Main_2015-01-05_12_24_09_091.JPG
7,Main_2015-01-05_12_23_57_081.JPG
7,Main_2015-01-05_12_35_04_373.JPG
7,Main_2015-01-05_12_32_41_325.JPG
7,Main_2015-01-05_12_28_55_269.JPG
7,Main_2015-01-05_12_23_50_073.JPG
7,Main_2015-01-05_12_35_33_391.JPG
7,Main_2015-01-05_12_34_53_362.JPG
7,Main_2015-01-19_15_37_55_127.JPG
7,Main_2015-01-05_12_29_09_285.JPG
7,Main_2015-01-05_12_32_42_326.JPG
7,Main_2015-01-05_12_26_46_224.JPG
7,Main_2015-01-05_12_35_39_397.JPG
7,Main_2015-01-05_12_33_24_340.JPG
7,Main_2015-01-05_12_26_36_214.JPG
7,Main_2015-01-05_12_34_43_352.JPG
7,Main_2015-01-05_12_32_38_322.JPG
7,Main_2015-01-05_12_25_23_163.JPG
7,Main_2015-01-05_12_23_16_044.JPG
7,Main_2015-01-05_12_23_23_049.JPG
7,Main_2015-01-05_12_36_10_406.JPG
7,Main_2015-01-21_15_36_06_181.JPG
7,Main_2015-01-05_12_36_53_429.JPG
7,Main_2015-01-05_12_29_11_287.JPG
7,Main_2015-01-05_12_28_42_259.JPG
7,Main_2015-01-05_12_24_34_119.JPG
7,Main_2015-01-19_15_39_25_131.JPG
7,Main_2015-01-06_11_48_46_431.JPG
7,Main_2015-01-05_12_34_36_345.JPG
7,Main_2015-01-06_11_56_39_450.JPG
7,Main_2015-01-05_12_26_41_220.JPG
7,Main_2015-01-05_12_24_44_129.JPG
7,Main_2015-01-05_12_28_46_264.JPG
7,Main_2015-01-05_12_23_50_072.JPG
7,Main_2015-01-05_12_36_24_414.JPG
7,Main_2015-01-05_12_27_00_237.JPG
7,Main_2015-01-05_12_34_38_347.JPG
7,Main_2015-01-05_12_26_06_183.JPG
7,Main_2015-01-05_12_33_22_336.JPG
7,Main_2015-01-05_12_29_03_277.JPG
7,Main_2015-01-05_12_25_05_152.JPG
7,Main_2015-01-19_15_37_50_124.JPG
7,Main_2015-01-05_12_36_24_413.JPG
7,Main_2015-01-05_12_24_23_106.JPG
7,Main_2015-01-21_15_36_09_184.JPG
7,Main_2015-01-05_12_26_40_218.JPG
7,Main_2015-01-06_11_59_53_460.JPG
7,Main_2015-01-05_12_26_39_217.JPG
7,Main_2015-01-05_12_35_36_394.JPG
7,Main_2015-01-05_12_32_38_321.JPG
7,Main_2015-01-23_15_15_43_194.JPG
7,Main_2015-01-05_12_28_53_266.JPG
7,Main_2015-01-05_12_26_23_200.JPG
7,Main_2015-01-05_12_34_45_355.JPG
7,Main_2015-01-05_12_29_38_308.JPG
7,Main_2015-01-05_12_25_07_154.JPG
7,Main_2015-01-11_10_42_00_119.JPG
7,Main_2015-01-05_12_32_32_319.JPG
7,Main_2015-01-05_12_35_29_386.JPG
7,Main_2015-01-05_12_25_03_150.JPG
7,Main_2015-01-23_15_28_12_197.JPG
7,Main_2015-01-06_11_59_52_459.JPG
7,Main_2015-01-05_12_24_42_126.JPG
7,Main_2015-01-05_12_26_28_206.JPG
7,Main_2015-01-05_12_24_20_103.JPG
7,Main_2015-01-19_15_37_50_123.JPG
7,Main_2015-01-05_12_34_57_368.JPG
7,Main_2015-01-05_12_35_09_379.JPG
7,Main_2015-01-05_12_23_59_084.JPG
7,Main_2015-01-05_12_35_32_390.JPG
7,Main_2015-01-01_06_41_49_012.JPG
7,Main_2015-01-05_12_24_37_123.JPG
7,Main_2015-01-06_12_00_04_462.JPG
7,Main_2015-01-05_12_26_46_225.JPG
7,Main_2015-01-05_12_28_20_243.JPG
7,Main_2015-01-05_12_29_10_286.JPG
7,Main_2015-01-06_12_00_11_466.JPG
7,Main_2015-01-05_12_34_33_341.JPG
7,Main_2015-01-05_12_34_51_360.JPG
7,Main_2015-01-05_12_35_57_401.JPG
7,Main_2015-01-05_12_25_33_174.JPG
7,Main_2015-01-05_12_29_15_292.JPG
7,Main_2015-01-05_12_26_18_195.JPG
7,Main_2015-01-05_12_26_05_182.JPG
7,Main_2015-01-05_12_25_28_167.JPG
7,Main_2015-01-05_12_24_53_140.JPG
7,Main_2015-01-05_12_25_32_172.JPG
7,Main_2015-01-05_12_29_17_295.JPG
7,Main_2015-01-05_12_25_11_160.JPG
7,Main_2015-01-19_15_37_49_122.JPG
7,Main_2015-01-05_12_26_30_208.JPG
7,Main_2015-01-05_12_29_55_313.JPG
7,Main_2015-01-05_12_35_20_385.JPG
7,Main_2015-01-05_12_35_40_399.JPG
7,Main_2015-01-05_12_23_55_079.JPG
7,Main_2015-01-20_15_19_21_175.JPG
7,Main_2015-01-05_12_26_11_187.JPG
7,Main_2015-01-05_12_36_49_425.JPG
7,Main_2015-01-05_12_35_04_372.JPG
7,Main_2015-01-05_12_28_37_252.JPG
7,Main_2015-01-06_12_00_05_463.JPG
7,Main_2015-01-05_12_26_44_222.JPG
7,Main_2015-01-05_12_25_30_170.JPG
7,Main_2015-01-05_08_52_15_030.JPG
7,Main_2015-01-05_12_24_58_144.JPG
7,Main_2015-01-05_12_32_55_333.JPG
7,Main_2015-01-05_12_26_22_199.JPG
7,Main_2015-01-05_12_29_17_294.JPG
7,Main_2015-01-05_12_24_56_141.JPG
7,Main_2015-01-05_12_24_29_113.JPG
7,Main_2015-01-05_12_34_44_354.JPG
7,Main_2015-01-05_12_34_39_349.JPG
7,Main_2015-01-05_12_28_25_250.JPG
7,Main_2015-01-05_12_29_32_304.JPG
7,Main_2015-01-05_12_34_55_364.JPG
7,Main_2015-01-05_12_24_33_118.JPG
7,Main_2015-01-05_12_23_07_038.JPG
7,Main_2015-01-05_12_29_02_276.JPG
7,Main_2015-01-05_12_23_43_067.JPG
7,Main_2015-01-05_12_25_29_168.JPG
7,Main_2015-01-05_12_36_29_420.JPG
7,Main_2015-01-05_12_35_07_376.JPG
7,Main_2015-01-05_12_35_41_400.JPG
7,Main_2015-01-05_12_29_30_302.JPG
7,Main_2015-01-05_12_33_23_338.JPG
7,Main_2015-01-05_12_35_20_384.JPG
7,Main_2015-01-05_12_24_27_111.JPG
7,Main_2015-01-01_06_41_50_013.JPG
7,Main_2015-01-05_12_26_27_204.JPG
7,Main_2015-01-20_15_19_25_178.JPG
7,Main_2015-01-05_12_36_52_428.JPG
7,Main_2015-01-05_12_24_30_115.JPG
7,Main_2015-01-05_12_26_38_216.JPG
7,Main_2015-01-05_12_25_24_164.JPG
7,Main_2015-01-05_12_36_47_423.JPG
7,Main_2015-01-05_12_24_04_087.JPG
7,Main_2015-01-05_12_25_04_151.JPG
7,Main_2015-01-05_08_52_19_032.JPG
7,Main_2015-01-05_12_35_40_398.JPG
7,Main_2015-01-05_12_23_08_039.JPG
7,Main_2015-01-05_12_26_50_226.JPG
7,Main_2015-01-01_06_41_48_011.JPG
7,Main_2015-01-05_12_26_27_205.JPG
7,Main_2015-01-05_12_23_54_077.JPG
7,Main_2015-01-05_12_23_21_047.JPG
7,Main_2015-01-05_12_25_27_166.JPG
7,Main_2015-01-06_11_59_49_456.JPG
7,Main_2015-01-06_11_59_51_458.JPG
7,Main_2015-01-05_12_35_31_388.JPG
7,Main_2015-01-05_12_36_28_419.JPG
7,Main_2015-01-05_12_26_07_185.JPG
7,Main_2015-01-05_12_24_06_090.JPG
7,Main_2015-01-19_15_39_28_135.JPG
7,Main_2015-01-05_12_32_31_318.JPG
7,Main_2015-01-05_12_24_15_098.JPG
7,Main_2015-01-05_12_25_11_159.JPG
7,Main_2015-01-05_12_35_35_393.JPG
7,Main_2015-01-01_06_41_50_014.JPG
7,Main_2015-01-05_12_34_48_356.JPG
7,Main_2015-01-05_12_26_45_223.JPG
7,Main_2015-01-05_12_28_21_245.JPG
7,Main_2015-01-05_12_25_25_165.JPG
7,Main_2015-01-05_12_23_52_075.JPG
7,Main_2015-01-05_12_23_08_040.JPG
7,Main_2015-01-05_12_28_55_268.JPG
7,Main_2015-01-05_12_24_32_116.JPG
7,Main_2015-01-05_12_24_46_131.JPG
7,Main_2015-01-05_12_23_43_068.JPG
7,Main_2015-01-05_12_36_47_422.JPG
7,Main_2015-01-05_12_23_36_059.JPG
7,Main_2015-01-05_12_27_02_239.JPG
7,Main_2015-01-05_12_24_43_128.JPG
7,Main_2015-01-05_12_24_10_093.JPG
7,Main_2015-01-05_12_35_09_378.JPG
7,Main_2015-01-05_12_25_08_156.JPG
7,Main_2015-01-05_12_23_30_053.JPG
7,Main_2015-01-06_12_00_12_467.JPG
7,Main_2015-01-05_12_24_56_142.JPG
7,Main_2015-01-05_12_29_15_291.JPG
7,Main_2015-01-05_12_26_52_229.JPG
7,Main_2015-01-05_12_36_48_424.JPG
7,Main_2015-01-05_12_26_10_186.JPG
7,Main_2015-01-05_12_29_39_310.JPG
7,Main_2015-01-21_15_36_10_185.JPG
7,Main_2015-01-05_12_34_37_346.JPG
7,Main_2015-01-06_11_49_13_439.JPG
7,Main_2015-01-05_12_29_36_306.JPG
7,Main_2015-01-19_15_37_51_125.JPG
7,Main_2015-01-05_12_32_56_335.JPG
7,Main_2015-01-05_12_25_06_153.JPG
7,Main_2015-01-05_12_26_58_235.JPG
7,Main_2015-01-05_12_26_21_197.JPG
7,Main_2015-01-05_12_24_00_085.JPG
7,Main_2015-01-21_15_36_08_183.JPG
7,Main_2015-01-05_12_36_25_415.JPG
7,Main_2015-01-05_12_28_58_272.JPG
7,Main_2015-01-05_12_28_25_249.JPG
7,Main_2015-01-06_11_49_43_441.JPG
7,Main_2015-01-05_12_33_24_339.JPG
7,Main_2015-01-05_12_25_52_180.JPG
7,Main_2015-01-06_11_56_36_446.JPG
7,Main_2015-01-06_12_00_14_469.JPG
7,Main_2015-01-05_12_32_30_316.JPG
7,Main_2015-01-05_12_29_23_300.JPG
7,Main_2015-01-05_12_23_40_064.JPG
7,Main_2015-01-05_12_35_58_402.JPG
7,Main_2015-01-05_12_24_04_088.JPG
7,Main_2015-01-05_12_23_42_066.JPG
7,Main_2015-01-05_12_25_09_157.JPG
7,Main_2015-01-06_11_57_15_454.JPG
7,Main_2015-01-05_12_28_45_262.JPG
7,Main_2015-01-06_12_00_13_468.JPG
7,Main_2015-01-19_15_37_48_121.JPG
7,Main_2015-01-05_08_52_21_035.JPG
7,Main_2015-01-05_12_36_22_411.JPG
7,Main_2015-01-05_12_26_44_221.JPG
7,Main_2015-01-05_12_23_17_045.JPG
7,Main_2015-01-05_12_26_16_193.JPG
7,Main_2015-01-05_12_26_55_231.JPG
7,Main_2015-01-06_12_00_06_465.JPG
7,Main_2015-01-19_15_37_55_128.JPG
7,Main_2015-01-05_12_36_46_421.JPG
7,Main_2015-01-05_12_26_29_207.JPG
7,Main_2015-01-06_11_49_45_443.JPG
7,Main_2015-01-05_12_35_18_381.JPG
7,Main_2015-01-05_12_24_48_135.JPG
7,Main_2015-01-05_12_35_10_380.JPG
7,Main_2015-01-05_12_24_09_092.JPG
7,Main_2015-01-06_11_57_14_452.JPG
7,Main_2015-01-05_12_35_59_404.JPG
7,Main_2015-01-23_15_15_43_193.JPG
7,Main_2015-01-05_12_23_14_042.JPG
7,Main_2015-01-05_12_26_37_215.JPG
7,Main_2015-01-05_12_24_30_114.JPG
7,Main_2015-01-06_11_49_46_444.JPG
7,Main_2015-01-06_11_48_47_432.JPG
7,Main_2015-01-05_12_35_36_395.JPG
7,Main_2015-01-05_12_25_02_149.JPG
7,Main_2015-01-05_12_26_51_227.JPG
7,Main_2015-01-20_15_19_18_171.JPG
7,Main_2015-01-05_12_36_27_417.JPG
7,Main_2015-01-05_12_23_20_046.JPG
7,Main_2015-01-05_12_32_30_317.JPG
7,Main_2015-01-05_12_26_35_212.JPG
7,Main_2015-01-05_12_25_50_177.JPG
7,Main_2015-01-06_11_56_37_447.JPG
7,Main_2015-01-05_12_23_55_080.JPG
7,Main_2015-01-05_12_29_38_309.JPG
7,Main_2015-01-23_15_15_44_195.JPG
7,Main_2015-01-05_12_29_07_282.JPG
7,Main_2015-01-05_12_28_38_253.JPG
7,Main_2015-01-05_12_24_11_094.JPG
7,Main_2015-01-05_12_29_08_283.JPG
7,Main_2015-01-05_12_23_54_078.JPG
7,Main_2015-01-05_12_28_59_273.JPG
7,Main_2015-01-19_15_37_57_130.JPG
7,Main_2015-01-23_15_28_13_198.JPG
7,Main_2015-01-20_15_19_26_179.JPG
7,Main_2015-01-05_12_25_31_171.JPG
7,Main_2015-01-05_12_29_53_311.JPG
7,Main_2015-01-05_12_35_05_375.JPG
7,Main_2015-01-05_12_25_34_175.JPG
7,Main_2015-01-05_12_28_23_246.JPG
7,Main_2015-01-05_12_24_39_125.JPG
7,Main_2015-01-05_12_25_32_173.JPG
7,Main_2015-01-05_12_28_23_247.JPG
7,Main_2015-01-06_12_00_15_470.JPG
7,Main_2015-01-06_11_57_16_455.JPG
7,Main_2015-01-05_12_34_34_342.JPG
7,Main_2015-01-06_11_49_11_437.JPG
7,Main_2015-01-05_12_25_51_179.JPG
7,Main_2015-01-05_12_29_29_301.JPG
7,Main_2015-01-05_12_35_03_371.JPG
7,Main_2015-01-20_15_19_19_172.JPG
7,Main_2015-01-01_06_41_51_015.JPG
7,Main_2015-01-05_12_35_34_392.JPG
7,Main_2015-01-05_12_36_12_409.JPG
7,Main_2015-01-05_12_28_59_274.JPG
7,Main_2015-01-05_12_33_22_337.JPG
7,Main_2015-01-05_12_23_15_043.JPG
7,Main_2015-01-05_12_23_29_052.JPG
7,Main_2015-01-05_12_26_35_213.JPG
7,Main_2015-01-05_12_26_17_194.JPG
7,Main_2015-01-05_12_29_37_307.JPG
7,Main_2015-01-05_12_23_22_048.JPG
7,Main_2015-01-06_11_56_38_449.JPG
7,Main_2015-01-05_12_29_13_290.JPG
7,Main_2015-01-05_12_26_13_190.JPG
7,Main_2015-01-05_12_29_21_297.JPG
7,Main_2015-01-05_12_24_20_102.JPG
7,Main_2015-01-06_11_56_37_448.JPG
7,Main_2015-01-05_12_32_40_324.JPG
7,Main_2015-01-05_12_26_20_196.JPG
7,Main_2015-01-05_12_24_33_117.JPG
7,Main_2015-01-05_12_32_53_331.JPG
7,Main_2015-01-05_12_24_58_145.JPG
7,Main_2015-01-05_12_36_23_412.JPG
7,Main_2015-01-05_12_36_10_407.JPG
7,Main_2015-01-05_12_24_22_105.JPG
7,Main_2015-01-05_12_26_58_234.JPG
7,Main_2015-01-05_12_28_54_267.JPG
7,Main_2015-01-21_15_36_07_182.JPG
7,Main_2015-01-05_12_32_32_320.JPG
7,Main_2015-01-05_12_25_07_155.JPG
7,Main_2015-01-05_12_26_40_219.JPG
7,Main_2015-01-05_12_25_10_158.JPG
7,Main_2015-01-05_12_24_42_127.JPG
7,Main_2015-01-05_12_29_00_275.JPG
7,Main_2015-01-05_12_34_38_348.JPG
7,Main_2015-01-05_12_23_06_037.JPG
7,Main_2015-01-06_11_48_48_434.JPG
7,Main_2015-01-05_12_26_30_209.JPG
7,Main_2015-01-23_15_28_14_199.JPG
7,Main_2015-01-05_12_24_16_100.JPG
7,Main_2015-01-05_12_24_38_124.JPG
7,Main_2015-01-05_12_24_24_107.JPG
7,Main_2015-01-05_12_23_41_065.JPG
7,Main_2015-01-05_12_36_26_416.JPG
8,Main_2015-01-17_23_50_50_056.JPG
8,Main_2015-01-17_23_50_03_023.JPG
8,Main_2015-01-17_23_50_25_043.JPG
8,Main_2015-01-17_23_50_07_027.JPG
8,Main_2015-01-17_23_50_16_034.JPG
8,Main_2015-01-17_23_52_53_094.JPG
8,Main_2015-01-17_23_50_52_060.JPG
8,Main_2015-01-17_23_53_08_097.JPG
8,Main_2015-01-17_23_50_19_036.JPG
8,Main_2015-01-17_23_50_57_064.JPG
8,Main_2015-01-17_23_51_18_075.JPG
8,Main_2015-01-17_23_50_37_046.JPG
8,Main_2015-01-17_23_50_15_032.JPG
8,Main_2015-01-17_23_50_21_040.JPG
8,Main_2015-01-17_23_50_20_038.JPG
8,Main_2015-01-17_23_51_26_078.JPG
8,Main_2015-01-17_23_53_08_096.JPG
8,Main_2015-01-17_23_50_26_045.JPG
8,Main_2015-01-17_23_52_48_089.JPG
8,Main_2015-01-17_23_50_08_029.JPG
8,Main_2015-01-17_23_50_04_024.JPG
8,Main_2015-01-17_23_51_41_084.JPG
8,Main_2015-01-17_23_50_08_030.JPG
8,Main_2015-01-17_23_51_16_073.JPG
8,Main_2015-01-17_23_52_54_095.JPG
8,Main_2015-01-17_23_50_43_055.JPG
8,Main_2015-01-17_23_53_32_103.JPG
8,Main_2015-01-17_23_52_46_086.JPG
8,Main_2015-01-17_23_52_47_087.JPG
8,Main_2015-01-17_23_51_26_077.JPG
8,Main_2015-01-17_23_53_30_101.JPG
8,Main_2015-01-17_23_51_10_070.JPG
8,Main_2015-01-17_23_53_10_099.JPG
8,Main_2015-01-17_23_51_07_066.JPG
8,Main_2015-01-17_23_50_26_044.JPG
8,Main_2015-01-17_23_50_56_063.JPG
8,Main_2015-01-17_23_53_33_105.JPG
8,Main_2015-01-17_23_52_52_092.JPG
8,Main_2015-01-17_23_53_32_104.JPG
8,Main_2015-01-17_23_50_19_037.JPG
8,Main_2015-01-17_23_50_39_049.JPG
8,Main_2015-01-17_23_50_07_028.JPG
8,Main_2015-01-17_23_50_39_048.JPG
8,Main_2015-01-17_23_51_25_076.JPG
8,Main_2015-01-17_23_52_49_090.JPG
8,Main_2015-01-17_23_53_10_100.JPG
8,Main_2015-01-17_23_52_53_093.JPG
8,Main_2015-01-17_23_52_48_088.JPG
8,Main_2015-01-17_23_50_04_025.JPG
8,Main_2015-01-17_23_51_41_085.JPG
8,Main_2015-01-17_23_50_51_058.JPG
8,Main_2015-01-17_23_51_38_082.JPG
8,Main_2015-01-17_23_51_09_068.JPG
8,Main_2015-01-17_23_51_40_083.JPG
8,Main_2015-01-17_23_50_03_022.JPG
8,Main_2015-01-17_23_50_40_050.JPG
8,Main_2015-01-17_23_50_20_039.JPG
8,Main_2015-01-17_23_50_41_052.JPG
8,Main_2015-01-17_23_51_28_080.JPG
8,Main_2015-01-17_23_50_51_059.JPG
8,Main_2015-01-17_23_51_15_071.JPG
8,Main_2015-01-17_23_50_38_047.JPG
8,Main_2015-01-17_23_50_50_057.JPG
8,Main_2015-01-17_23_53_31_102.JPG
8,Main_2015-01-17_23_51_27_079.JPG
8,Main_2015-01-17_23_50_14_031.JPG
8,Main_2015-01-17_23_50_24_042.JPG
8,Main_2015-01-17_23_50_57_065.JPG
8,Main_2015-01-17_23_51_15_072.JPG
8,Main_2015-01-17_23_50_41_051.JPG
8,Main_2015-01-17_23_53_09_098.JPG
8,Main_2015-01-17_23_50_54_061.JPG
8,Main_2015-01-17_23_50_55_062.JPG
8,Main_2015-01-17_23_50_43_054.JPG
8,Main_2015-01-17_23_50_06_026.JPG
8,Main_2015-01-17_23_50_15_033.JPG
8,Main_2015-01-17_23_51_35_081.JPG
8,Main_2015-01-17_23_52_51_091.JPG
8,Main_2015-01-17_23_50_42_053.JPG
8,Main_2015-01-17_23_51_09_069.JPG
8,Main_2015-01-17_23_50_01_021.JPG
8,Main_2015-01-17_23_51_08_067.JPG
8,Main_2015-01-17_23_50_16_035.JPG
8,Main_2015-01-17_23_51_16_074.JPG
8,Main_2015-01-17_23_50_24_041.JPG
9,Main_2015-01-15_06_43_01_142.JPG
9,Main_2015-01-15_06_43_00_141.JPG
9,Main_2015-01-15_06_43_03_145.JPG
9,Main_2015-01-02_13_09_58_023.JPG
9,Main_2015-01-15_06_43_01_143.JPG
9,Main_2015-01-02_13_09_59_024.JPG
9,Main_2015-01-02_13_09_56_021.JPG
9,Main_2015-01-02_13_09_58_022.JPG
9,Main_2015-01-15_06_43_02_144.JPG
9,Main_2015-01-02_13_10_00_025.JPG
